,,,
"Introdução ao PHP",Jefferson,2023-05-16,2023-07-06
"PHP Avançado","Jefferson Teixeira",2023-08-01,2023-09-03
"Iniciando a carreira com PHP","Jefferson Teixeira",2023-05-16,2023-07-06
,"Jefferson Teixeira",2023-05-16,2023-07-06
,"Jefferson Teixeira",2023-05-16,2023-07-06
,"Jefferson Teixeira",2023-05-16,2023-07-06
,"Jefferson Teixeira",2023-05-16,2023-07-06
,"Jefferson Teixeira",2023-05-16,2023-07-06
"Introdução ao PHP","Jefferson Teixeira",2023-05-16,2023-07-06
"Introdução ao PHP","Jefferson Teixeira",2023-05-16,2023-07-06
"Introdução ao PHP","Jefferson Teixeira",2023-05-16,2023-07-06
"Introdução ao PHP","Jefferson Teixeira",2023-05-16,2023-07-06
"Introdução ao PHP","Jefferson Teixeira",2023-05-16,2023-07-06
"Introdução ao PHP","Jefferson Teixeira",2023-05-16,2023-07-06
"Introdução ao PHP",12,1212-12-12,0012-02-12
"Introdução ao PHP",12,1212-12-12,0012-02-12
"Introdução ao PHP",12,1212-12-12,0012-02-12
"Introdução ao PHP",Jefferson,2023-05-16,2023-07-06
"Introdução ao PHP","Jefferson Teixeira",2023-05-16,2023-07-06
